policy,window_hours,target_fpr,threshold,tpr,fpr,fpr_benign_entities,fpr_attacker_preonset
myopic,24,0.005,0.20824354887008628,0.013908345007004202,0.005070473035124375,0.004930701754385965,0.0060683297689463084
myopic,24,0.01,0.19795361876487755,0.027016209725835502,0.010015530728105309,0.009702631578947369,0.012249383929885428
myopic,24,0.02,0.1877005696296692,0.04742845707424455,0.019855633861065192,0.01932061403508772,0.023675253551601157
myopic,24,0.03,0.18175886571407318,0.06643986391835101,0.029688427510894014,0.02893640350877193,0.035057285909764126
myopic,24,0.05,0.17416168749332428,0.10436261757054233,0.04980681805503887,0.04863640350877193,0.0581626550351794
myopic,24,0.075,0.16815891563892366,0.1505903542125275,0.07482910236084764,0.07308377192982456,0.08728938543287733
myopic,24,0.1,0.1639258861541748,0.19311586952171303,0.09983099705581713,0.09751315789473684,0.1163785410332443
myopic,24,0.15,0.15792398154735565,0.27636581949169503,0.1495181704132897,0.1462798245614035,0.17263740633698957
myopic,24,0.2,0.1535514384508133,0.34970982589553734,0.19963775740441023,0.19567894736842106,0.22790053951146502
myopic,24,0.3,0.14709804952144623,0.4789873924354613,0.29974305243246135,0.2947464912280702,0.3354145596077191
myopic,120,0.005,0.23292964696884155,0.014908945367220332,0.0049862178646126335,0.004885204081632653,0.005815097483473652
myopic,120,0.01,0.22241716086864471,0.03101861116670002,0.009890120385053899,0.009665816326530612,0.01173067181331402
myopic,120,0.02,0.21176059544086456,0.057834700820492295,0.019861191771558092,0.019423979591836733,0.0234487840208322
myopic,120,0.03,0.20529800653457642,0.08585151090654393,0.03037436199923506,0.02957142857142857,0.03696291985715542
myopic,120,0.05,0.19765812158584595,0.13267960776465879,0.05012777069582843,0.04886530612244898,0.060487061512762653
myopic,120,0.075,0.1914294958114624,0.18481088653191916,0.07519711341462694,0.07338520408163265,0.09006493316196448
myopic,120,0.1,0.1871955692768097,0.23474084450670402,0.09896078014935915,0.09676989795918367,0.11693830302979558
myopic,120,0.15,0.1808788925409317,0.32529517710626377,0.14884115003176646,0.1458826530612245,0.1731174197545853
myopic,120,0.2,0.1762116402387619,0.40854512707624574,0.19952875602414158,0.19571785714285714,0.2307995026396105
myopic,120,0.3,0.16944964230060577,0.5573344006403842,0.29979430259575296,0.2947224489795918,0.3414119508835683
fast,24,0.005,0.9057711958885193,0.16870122073243946,0.004829260091799414,0.0019157894736842106,0.025629143012809875
fast,24,0.01,0.8258122158050545,0.2592555533319992,0.009843565519706174,0.004949561403508772,0.04478289595225496
fast,24,0.02,0.6898866319656366,0.3697218330998599,0.019854095022511283,0.012270175438596492,0.0739973008770584
fast,24,0.03,0.5821118950843811,0.4473684210526316,0.030133536562611685,0.02052982456140351,0.09869646765592759
fast,24,0.05,0.4321740806102752,0.5467280368220933,0.05001610009837026,0.0377719298245614,0.1374298212379017
fast,24,0.075,0.31162315607070934,0.6361817090254153,0.0747767818500148,0.06056228070175439,0.17625711181320317
fast,24,0.1,0.23101422488689488,0.6985191114668802,0.1005184731797752,0.08490043859649123,0.21201892517292234
fast,24,0.15,0.14007236063480355,0.7805683410046028,0.15029374504445897,0.13345087719298246,0.27053854078274564
fast,24,0.2,0.09130468219518661,0.8367020212127276,0.20015172948141524,0.1833359649122807,0.3202030291549115
fast,24,0.3,0.043533071875572205,0.9066439863918351,0.2998415380999114,0.285130701754386,0.4048653100077341
fast,120,0.005,0.9673523879051166,0.6518911346808085,0.004499147513189783,0.0015948979591836735,0.028330284140148456
fast,120,0.01,0.9398242831230164,0.7584550730438263,0.00917247611376981,0.0041938775510204085,0.05002490988482842
fast,120,0.02,0.8799030780792236,0.8613167900740444,0.019934866278496003,0.01155,0.08873780148287079
fast,120,0.03,0.8271117210388184,0.9028417050230139,0.03038664108372471,0.01982908163265306,0.11701784719983589
fast,120,0.05,0.7345057129859924,0.9404642785671403,0.0503306029803612,0.036863265306122446,0.16083831182151964
fast,120,0.075,0.637667179107666,0.9626776065639384,0.0753603797602486,0.05928724489795918,0.20725024177241158
fast,120,0.1,0.5564858913421631,0.973384030418251,0.09981986128272774,0.08223163265306123,0.24414199053005722
fast,120,0.15,0.42500582337379456,0.9871923153892336,0.15033783399678288,0.13100612244897958,0.3089663025776498
fast,120,0.2,0.32912418246269226,0.9922953772263358,0.2002996096615475,0.18046071428571428,0.3630898304871871
fast,120,0.3,0.19845848679542527,0.9966980188112867,0.30377909290309846,0.28496836734693876,0.45813255407956927
cusum,24,0.005,1.899105031490318,0.19421652991795077,0.004940825886957689,0.002582894736842105,0.02177459505327793
cusum,24,0.01,1.6986598348617554,0.2725635381228737,0.010079007818453983,0.006319736842105263,0.0369172383776455
cusum,24,0.02,1.4935775613784787,0.3688212927756654,0.020043756874280352,0.014212280701754386,0.061675898585622
cusum,24,0.03,1.3694884300231935,0.4323594156493896,0.030268569645717048,0.02294824561403509,0.08252991110429198
cusum,24,0.05,1.2088589668273924,0.5262157294376626,0.05046736450430355,0.04119912280701754,0.11663530214833903
cusum,24,0.075,1.0794069290161132,0.59925955573344,0.07554273874022212,0.06484605263157894,0.15190864314275604
cusum,24,0.1,0.9833191633224487,0.6568941364818891,0.1004288358340101,0.08873815789473684,0.18389105813760517
cusum,24,0.15,0.8431246995925903,0.7411446868120872,0.15082272079736458,0.1380969298245614,0.2416748339663643
cusum,24,0.2,0.7404679775238038,0.7972783670202122,0.20085690224874325,0.1878640350877193,0.29361572881016273
cusum,24,0.3,0.5896881341934204,0.8790274164498699,0.3001854685167097,0.28802763157894734,0.3869828377113191
cusum,120,0.005,1.9854916334152222,0.6294776866119672,0.004811581996315365,0.0025270408163265306,0.023557633937729475
cusum,120,0.01,1.7866590023040771,0.7293376025615369,0.010139795103010149,0.006427551020408163,0.04060101900268357
cusum,120,0.02,1.5930219888687134,0.8201921152691615,0.020089037005977185,0.014383163265306122,0.06690920660970187
cusum,120,0.03,1.4741883277893066,0.8710226135681409,0.03022610342354519,0.022911734693877552,0.09024495417837153
cusum,120,0.05,1.3217952251434326,0.9189513708224935,0.05022463902902457,0.040725,0.1281749636818066
cusum,120,0.075,1.1979880452156078,0.9479687812687613,0.0752603279607033,0.06414489795918367,0.16646920175332097
cusum,120,0.1,1.1066150665283203,0.9654792875725435,0.10049612049147263,0.08818724489795918,0.20149794231791712
cusum,120,0.15,0.9731117248535149,0.9823894336601962,0.15003222122726265,0.13609489795918367,0.26439644814348096
cusum,120,0.2,0.8744967579841614,0.9902941765059036,0.20067525869074943,0.18592397959183674,0.32171848899569205
cusum,120,0.3,0.7283226370811462,0.995597358415049,0.30179488380575215,0.2866280612244898,0.4262479014991983
